"group_id","lang_code","alt_name"
"aeddb39d-3944-44d4-bc17-a2298421bfb5","en","Blue Bird"
"96ff321a-44b9-4722-b542-f79d0c73898c","en","Unreliable Translator L..."
"491b2758-0992-4c58-8ee6-311b77a9232c","en","If only I had a group..."
"3fbce7cb-7bc8-4864-af84-e5ad287fe0f9","en","Ichino Fansub"
"e2ffaa79-1bef-4b7d-b382-a2b98221a310","en","Leviatan Scan"
"4cb1c460-b513-4d90-8733-e4f0cdfd9681","en","PSYN"
"4cb1c460-b513-4d90-8733-e4f0cdfd9681","en","PSYN team"
"76e3e5b1-37e0-4f09-9309-94b3f6627aa6","en","Godspeed Scanlation"
"e6a6dc34-968b-4e61-a6ca-4916db0326f4","en","Darjeeling Scans"
"4bf62eb9-06ef-4049-a3a8-6afd553a5430","en","SHINOBU-CHAN"
"024c3e65-622e-4da1-addb-42ea14a1b694","en","LemonadeScans"
"8686a408-cf50-4fa4-8c17-62c0915274bc","en","The Avengers"
"bcee77b4-030e-4abd-8ddc-ae68f9fc7411","en","Umango"
"57e2e40e-94c1-4b84-aa75-ef34a0d325ad","en","Gardens of Babylon -"
"eb4d16e8-7d12-47dc-960d-8643eba0f17f","en","Champion Scans"
"4f1de6a2-f0c5-4ac5-bce5-02c7dbb67deb","en","Manga+"
"4f1de6a2-f0c5-4ac5-bce5-02c7dbb67deb","en","M+"
"4f1de6a2-f0c5-4ac5-bce5-02c7dbb67deb","en","Manga Plus"
"05504d25-86dc-4d82-a2e7-662380c30670","en","Mythical Phoenix Scanlations"
"641b2d23-a4cb-4896-a5c6-11c8fbb3c4fd","en","WoC Scans"
"8bce4e51-d470-4291-bca9-43209079530b","en","WiP"
"30e67518-dba9-433d-ba59-e5acf1a7c931","en","The Comics Journal"
"5fc97d48-1cf5-4e6f-9581-37ac9ec48ace","en","Ryuu"
"0fbadf66-6a3f-4e3e-bb19-73cf4050499e","en","Everyone's City - Fan Scan"
"973471ab-19bd-45e9-8788-b2323ac62ede","en","Web Comic"
"aa9cd17f-9962-43a7-91b8-b054cedfe816","en","hana*TSU"
"c5d848bc-e3dd-43b0-b77b-99c8998aa145","en","swe3t+moans BL Scanslation"
"ac649193-bf1a-43ea-962f-844ed6093e68","en","TheDragonBallGuy75"
"f4a67438-25a3-46c3-8b09-a4f8b374d757","en","NilaiTP Scan"
"70607404-c6c9-4467-b372-b174bb6097ad","en",""
"2107e3bf-32ef-409b-940e-79c6019fd6be","en","Avancier Scans"
"00127471-714e-4d15-a539-5487e622c5e6","en","moonlune"
"ff2c2fff-612b-4497-8bd5-dea4741c8afc","en","Central Park Media (Ex-Licenses)"
"cea919da-f743-44f9-b7a4-3616a853a3db","en","Detectiveconanforever"
"c328c5ce-dd6a-4b44-84a5-0b04955d13f4","en","Alley Cats Scan"
"ffbeb262-d9e4-4c6d-8b2a-632743854ded","en","Fanged Scans"
"0e265fab-55f5-43de-8b38-aa874e06e43c","en","Suzaku The Knight"
"96f98b7e-cf02-4a39-9c09-e33da9e3035e","en","Magi Scans"
"938b7e31-2f23-471d-aa33-5fd104da54ee","en","HZD Scans"
"46a5219d-454f-48da-ac29-c3fa17871c96","en","doujin-moe.us"
"6754c033-2ed3-4408-87cf-da27fb531792","en","Hakugyokukoumachireieienkan Scans"
"5d428109-4c8f-4d02-908d-923d45dd70eb","en","Tsuki Mirage"
"efff0b4e-e893-4690-a5f6-264a549b23ab","en","OneHallyu"
"198a9869-e386-4432-a513-3d42de3b3bbe","en","Ookiku Furikabutte"
"b2def6de-2728-44f8-8c0f-a307584159f7","en",""
"57228160-5d94-47b5-ad53-7f1d3a4c3fb4","en","Dark Shadow Scans"
"723e7ad7-f3be-46d8-ac84-e8f56115eb92","en","Jmcrap Translations"
"82a89f13-5348-4123-a6d2-91d051d7d90a","en","Label /A/"
"82a89f13-5348-4123-a6d2-91d051d7d90a","en","The Anon"
"82a89f13-5348-4123-a6d2-91d051d7d90a","en","Fuck you Readers!"
"82a89f13-5348-4123-a6d2-91d051d7d90a","en","Fuck yeah Readers!"
"efd8e5ca-eef9-43c6-9a1a-d5199c43d758","en","FwPA"
"2eb5e2ec-7468-486a-8047-379749bcfdd0","en","JAnimeS"
"35d2b2eb-c29c-40d7-97f9-32f4d5827e25","en","Subapics"
"bf8c9e81-e186-4dd8-a141-dc60f8b3df4f","en","AnimParadise"
"548ab48d-7d9a-4c11-a25d-59e55544033e","en",""
"a5244562-391a-4623-87d8-1627db706dbf","en","Shitty Korean Translations"
"a42a5412-84f2-425b-ab2d-c2352bfb85b8","en","Manhua MD scans"
"1ed7150c-8da9-4221-a2df-0b1fbc17c05a","en","envykills"
"3b8e7407-28f2-4d8e-8105-8f09cb36a6a5","en","Jump-Scans"
"81e1f1ee-c8aa-4891-a61a-dd4ba0af7f12","en","HNI-Comeback"
"6b486092-255d-404e-afd3-d6d7abe3cfe5","en","Kuroi Raven"
"1ef6506b-0132-4f77-b013-30c54f84adb7","en","Taida Scans"
"cc1b7e4e-847c-4b7a-ba36-56494e0f45e6","en","deresutelines"
"e58231df-4d2e-413b-8ae1-936cfd9aba9b","en","The One Man Translation Team"
"ce001f43-b740-49ab-a77e-c8c229aa2fff","en","Editorial Hourai Doll"
"0a024510-1f88-4553-a745-65788cc3e763","en","QB"
"0a024510-1f88-4553-a745-65788cc3e763","en","NoNameTeam"
"a1fb1ce5-7899-42c0-a027-8733a8ca6811","en","MangaBox"
"43a13d2b-21d5-4453-ad78-cba547b7e879","en","mangacultivator"
"25444937-3129-4bcb-ab56-783325ac4d42","en","leaf translation"
"2184f123-bda1-42ac-8f9f-0f2cd9ad6ee7","en","Bebexiu Shoujo"
"56d19f79-fd13-48aa-9e04-606c5677a68f","en","10M Sacrifices"
"41d25f11-9813-4791-ae1a-1ac15561b313","en","Wiseman Scan"
"e94b9da2-19f9-4b67-b0ed-279c24e666ff","en","Jead & Locke Scans"
"1b5dc986-fe3b-4e3c-92da-0f7c4289e04c","en","Scanlation Obras Perdidas"
"a6c50173-6098-4ced-b3bb-074ca3ce2e4b","en","daburuwosagase"
"af7391f7-a6e1-4427-8281-f1cf0077ee69","en","Questionable Scans"
"d9a380da-a2be-4a74-9b1b-b2db9c0df927","en","FTV Scanlations"
"93af5c86-9286-4159-b485-e92fe60258e9","en","Unofficial Twstd"
"3a06804d-5758-4fbb-b96f-0fcaea1ae33b","en","Academia Manga Indonesia"
"b9425e45-7ba8-4ef0-b8da-672508716edc","en","KTS"
"fe0da9bc-fd70-4802-838e-eae609015e46","en","Getter-Robo"
"ad395d97-ab86-416a-b8ca-a4b03054443c","en","Soviet Scans"
"00f92fb2-fc3e-4e6d-8c05-8c98812928a0","en","Rototiller"
"3eae97b3-65e9-4956-b3fe-45d06a9ff785","en","Hayate Translation Team"
"76b9533d-7f24-47f9-bcd2-17e1ce927a9d","en","KiraKira-Boshi"
"ae63683d-d7d3-452b-beb9-8f89c814993f","en","DMP"
"ae63683d-d7d3-452b-beb9-8f89c814993f","en","DMI"
"ae63683d-d7d3-452b-beb9-8f89c814993f","en","Digital Manga"
"ae63683d-d7d3-452b-beb9-8f89c814993f","en","Inc."
"2cfd06bf-4746-469e-80a6-6dec4063482e","en","Whatever"
"867535aa-09a3-4182-9ec6-c6884e1fed6e","en","we got the glossy finish"
"43a6668b-eca9-4b76-bb95-f2d84fe650ee","en","EJ"
"43a6668b-eca9-4b76-bb95-f2d84fe650ee","en","Endless Journey Scans"
"85a18fd2-a16a-4aed-9aa2-38f96cdc0236","en","Manga-Presence Scans"
"768fcaab-a51f-409f-b8e1-2160dac76441","en","Scorpion1d3x"
"768fcaab-a51f-409f-b8e1-2160dac76441","en","Citrusteam"
"6ba04c4e-36d2-4e5d-b1a2-390a7656b24c","en","SlayeR ScanS"
"a560afd4-183b-402a-b321-f6858bfffb24","en","MangaVy"
"1864d8a3-1eb4-47d9-a068-feaa27ac30d3","en","Manga-ScanFrance"
"560e5a45-1abb-4df8-b3fa-df263946806d","en","Omari's Sister"
"560e5a45-1abb-4df8-b3fa-df263946806d","en","Bakeneko's Lair"
"e2f9d3e0-8239-424e-9a18-cf76f03d51d3","en","Trollscans"
"cb6dec63-7356-4622-b2a0-c8a760d7aaf6","en","Absquatulate Scans"
"a2497235-62d8-4ab3-86cf-f0289e9b9bd6","en","Yumemiru Translations"
"ab285786-38bb-48ab-be8c-e30e1d3b19af","en","Freewheeling Scans"
"ab285786-38bb-48ab-be8c-e30e1d3b19af","en","FWS"
"9569e03c-27ba-49f6-b464-5c135ca1f9fc","en","Mel0dy scans"
"88986c94-9ed3-402e-a734-85cbc5bc4a66","en","Gteam"
"80285ca7-7f90-441b-bab0-bb1d267f4413","en","Manga Works Scans"
"80285ca7-7f90-441b-bab0-bb1d267f4413","en","MangaWorks Scans"
"2a025689-0e34-4c0b-911c-bc0a839cc446","en","Collab Circuit"
"b9829aaf-232b-44fe-b274-9c73000a7d8a","en","Honeysuckle Scanlation"
"b9829aaf-232b-44fe-b274-9c73000a7d8a","en","Scarlet blossom Scans"
"b9829aaf-232b-44fe-b274-9c73000a7d8a","en","BL Caf"
"c80924b7-c91f-4a7e-91aa-d41181c65154","en","Esth tique"
"f63f75ee-5217-4849-abb6-226ac7178d55","en","Red Vodka"
"80636954-4e21-4e28-8ca6-c5808cbecd7d","en","BEGGARS' SECT SCANTLATIONS"
"c2c881fd-becf-4bfa-b3be-a8e9906aadaa","en","bella scans"
"68df0ccb-0bd8-4ca0-8099-f2227114335a","en","Hoshi Manga Team"
"8af81162-8f27-40bb-9c9a-b3859ac68d67","en","Yesnostalgiagoogles"
"b8a6d1fc-1634-47a8-98cf-2ea3f5fef8b3","en","MDScans"
"880541cf-4299-40a6-8ca3-8b94025ebeee","en","KomBatch Fengsubs"
"18564bee-e52b-4c21-a8e6-0268e6fe06e5","en","Pandamic Scans"
"614a5ef0-69ac-431b-8a87-332368e1981f","en","SLC"
"614a5ef0-69ac-431b-8a87-332368e1981f","en","Secret Land Castle"
"614a5ef0-69ac-431b-8a87-332368e1981f","en","SecretLandCastle"
"8f9dec6f-d9b6-4399-9b4b-c74cb7b60f37","en","Mystery Weeb"
"c4505baa-75a0-4a26-ab12-b7b1add19871","en","Muda Scanlation"
"1458b7ac-fe98-42f2-a879-aa27fe8b288d","en","Lemon Tart Scans"
"a0195982-96f5-4948-8966-b5e558391424","en","Dark Ryuu Fansub"
"7448614d-c014-428c-bb52-ab5ba88ebb27","en","-"
"cb73d8de-4233-4286-8b58-f9dd00cff618","en","Kuzu to Megane to Bungaku Shoujo (Nise) Scanlations"
"5cdb5b08-e527-4ba1-b542-a9b91a3596b8","en","Traumerei Scans"
"d5bf993b-e726-494c-b6ea-2146d534aa67","en","Kogarasumaru Project"
"613176b8-ee9e-47e3-b521-8b11cf3f580b","en","Sweet Temptations"
"caf0d1da-a790-49d0-833c-ce74d651c8a1","en","Doki"
"caf0d1da-a790-49d0-833c-ce74d651c8a1","en","Doki Scans"
"82ff50d5-2e1f-43a5-a232-79174e1db9bd","en","749"
"643ded2c-38c6-4151-9068-4973ffc5d9be","en","Fries"
"eec2372e-b7e9-40cb-a77e-4f87adaf207f","en","R B  Scans"
"c2ecf7e7-1fdc-44d1-918d-6d2dec046c0e","en","Sakugara Scanlations"
"c601114d-3d4c-4617-89e6-c5ea8e48157b","en","UFW"
"c601114d-3d4c-4617-89e6-c5ea8e48157b","en","Unlimited Fap Works"
"10743b5f-7f1c-4b17-8c2f-7affd6ed95c1","en","Cafe Doujinshi Latte"
"a2e1af0b-64bc-4a86-9a29-6cc781cec2e3","en","Team Katsudon"
"c7667c28-52de-4d92-82ba-b293bcc96339","en","NASS"
"a9cb7906-ad9d-4022-9b36-e7ae23d02585","en","Why Are We Always Getting Sniped Scans"
"a9cb7906-ad9d-4022-9b36-e7ae23d02585","en","Seriously Masochist Squad"
"a37dbc2c-188b-416b-864c-9c1c73dfc758","en","Chicken Scans"
"accd6991-f937-4dc5-9ae3-310f08b3f1df","en","Furawa Manga Team"
"6e085cc3-e36a-4ad0-8db6-c0f836336817","en","sampah translation"
"a3b75b67-22f6-4035-a91f-ce6547caf094","en","Emperor Scanlation"
"cf0a5c2c-23d2-46e7-9d33-636263ae96de","en","WSDHANS"
"26e19083-dda2-4a4e-b706-51546e3cb374","en","Le Cercle du Webtoon"
"c2e8d326-e342-49fe-9d36-2e8831e20332","en","yukis0ra"
"eff7e8a5-36d7-4b45-8a91-6f3a7b1c2533","en","Facedesk Translations"
"aed39467-d5f8-4212-83ca-7e82586324c7","en","Lively Scans"
"d73c780b-b4f2-402e-b49b-548cb3d33677","en","RicePunch"
"cd9c624c-dfb1-4af9-ba5f-56768f6d96d0","en","ENKNOWN~TEAM"
"2224f8d7-a722-497c-b378-20b91f2d28c1","en","Mika Scans"
"1071e71d-cc55-4fa6-81d1-4b5913a2fde5","en","Sense-Scans"
"432f57a8-dde2-4a53-b26d-dffbc8f56ffd","en","_ragdoll"
"9d58840c-38df-400d-b362-3f26dbaa2780","en","Team Takoyaki"
"bd64f84d-2350-4be1-8970-c8741b8c46c1","en","TenseiScans"
"82ce5c89-70c4-4105-b3ad-550c448033cc","en","Nashoki"
"f51baacd-ab6f-4308-b156-00c6c0e811e0","en","BSI"
"dec9b8cb-01ba-4ec0-8262-6a103236469e","en","ded scans"
"9980cf57-8d6f-4c20-a7ea-f3252cf129fc","en",""
"403f904d-949a-42f5-8bbf-e53f0b53557e","en","denivgr"
"ed68f80c-b4b6-46ea-99c0-78e717c1832c","en","MLS"
"47de3354-7486-4a6a-8539-1e35e195eee5","en","WOWScans!"
"bc556183-f0da-454f-8807-f0e7fc80cd2c","en","#kodocha"
"b07593d8-f3a8-4e39-8f2b-326c13b98cd4","en","RiSQ"
"ba83b2a6-7b2f-431b-9cae-4436cd8cce42","en","AnimaRegia Scantrad"
"4b98efe6-e5f2-4077-b9b3-193e3d9c5022","en","Hawks"
"34dc57ef-783c-4f37-a25c-ba4a3181cec5","en","Yakisoba LLC"
"34dc57ef-783c-4f37-a25c-ba4a3181cec5","en","Yakisoba Scanlations"
"3d2d56bd-dbc9-4838-80d1-cce226e1c763","en","VIScans"
"50fb2c0a-fdab-4a26-b8d4-a94ad75f3295","en","UDMS"
"477d6a9b-1d73-4eeb-9a25-75e5c2f89dd8","en","Seryne"
"37679adc-c546-4616-890b-e2751879a8f4","en","Rinruririn"
"881942fd-44a4-425f-a4f5-682dedd1ad4b","en","straydog12"
"3bc75edd-775f-4c9c-8441-16fda7aca492","en","DCRP"
"3bc75edd-775f-4c9c-8441-16fda7aca492","en","Detective Conan Remake Project"
"3bc75edd-775f-4c9c-8441-16fda7aca492","en","-scans"
"e574d3a4-d4f5-4a2a-b195-e11e053d1758","en","1234"
"79c7424e-8fbf-4b06-8736-c470d1594c2c","en","Lonely AF"
"79c7424e-8fbf-4b06-8736-c470d1594c2c","en","PEACHY"
"78767bb1-0995-48c3-8b12-ea12aa3f79a1","en","YuriProject"
"78767bb1-0995-48c3-8b12-ea12aa3f79a1","en","Neo Project"
"261d8371-ed51-4d00-95e4-2f0025c3f06d","en","Ichiroku Scans"
"0d8c34b0-be6e-4707-bd1a-9c588a19571c","en","nijiiro_project"
"024141f2-3fb3-49f9-adff-7cf0b952bfcf","en","Samurais In Pyjamas"
"626f45a5-1e8a-45eb-bf01-bd64ba3f6928","en","Amai Neko"
"626f45a5-1e8a-45eb-bf01-bd64ba3f6928","en","Anime Novel"
"626f45a5-1e8a-45eb-bf01-bd64ba3f6928","en","Crap Scanlations"
"8f360e4d-fefe-4b5f-b4a7-cecf4ef2207f","en","COVID-19"
"8f360e4d-fefe-4b5f-b4a7-cecf4ef2207f","en","2019-nCoV"
"8f360e4d-fefe-4b5f-b4a7-cecf4ef2207f","en","Wuhan Jiayou!"
"8f360e4d-fefe-4b5f-b4a7-cecf4ef2207f","en","Winnie the Pooh"
"cbab427f-1f2b-4c86-b189-f8283b8b8a37","en","Namae no nai kaibutsu"
"a210de62-c843-4dc3-9fb5-9d1cf0001b70","en","KCCSI"
"a4715934-4dec-4d76-88ab-b74431f6042a","en","Simp-ly Love"
"a4715934-4dec-4d76-88ab-b74431f6042a","en","Love Isn't Always Normal"
"1714c02a-2d5b-4e8d-893b-527e67d25e4d","en","Unusual"
"d7eb99fd-4444-4fbc-bd3c-c55ed35188e2","en","Ow! Scan"
"b63185a0-e60a-48b1-be13-067169526100","en","QB translations"
"d295ed75-4dbc-4462-8d72-7b81a2d8f15a","en","Ikeman Scans"
"0d89215f-a58b-4e2f-8cbf-6449d5601e00","en","Ruisu012"
"60532f04-c554-49a2-a1fb-98ab7ac4319b","en","cedr777"
"60532f04-c554-49a2-a1fb-98ab7ac4319b","en","Triple777Scans"
"454237ee-f9d9-47c1-bd6c-0e1fd91ae342","en","corazon"
"9263b935-59a3-4a18-9543-133945ac7d8b","en","AIUEO Mang s"
"f81fa75d-dd1f-4d1a-8c40-1a96c3fab3c8","en","The black Lantern"
"7c30a3c2-3fad-4178-a983-9993c345b1bf","en","JD scans"
"ca3a921f-302a-4df7-affa-4f1002d15282","en","DrMaster Publications Inc."
"7df8aabe-8461-492d-b8cc-6c25b5e1b974","en","AkaiYuhiMun team"
"679d988a-9fe4-4550-b194-52813d5a8105","en","Hotties"
"80d82a0e-4ed3-41b5-8f2f-9eb2a06e8daf","en","Sol Cafe Scans"
"92a260a8-e64d-49f8-8c3d-72ef40e2f3ff","en","009 no Fansub"
"c11bde30-bd07-47ed-a032-067b56bf0752","en","Kira-Kira Scanlation Group"
"f9363474-e5b3-4d96-a911-b10eda11b17b","en","GS Team"
"b4799393-29e4-4de1-b914-bb7964219308","en","FxF Scan"
"4dab4e83-1f00-475f-84e8-b9d802935406","en",""
"5a0f2e6f-b094-4a1a-ac4e-0198f537f84b","en",""
"5946c4d4-ec7f-4751-9cd2-c24c645ca3d8","en","Zorua Scan"
"454fc66b-541c-479d-99c8-a9c2938bdffa","en","Bullet Scans"
"269a64ed-824a-4deb-9b40-15be5f4dd41f","en","El Lector Solitario"
"8c2945c8-d43f-41b2-bde6-f72b326a4ede","en","Vera Scanlations"
"f2c29b4d-6ac6-4829-a144-65535f06a5e1","en","Fire Nation Scans"
"435df16d-97cd-4149-94b3-bc9fe9b05b56","en","TwoDee Scans"
"9d5bf4d4-03d7-4407-8c9f-e855d341df6d","en","Yuri House"
"9d5bf4d4-03d7-4407-8c9f-e855d341df6d","en","emer"
"d2c9bf71-14ab-4f7c-aae3-883eb1d7d488","en","Manga Dream4"
"9538d0b8-586d-4db4-bbd5-3e538da8ee9b","en","Ochaku na no Chimu"
"68bd98c8-f2aa-4bc6-9ee4-a80d7a1410f9","en","Medallion Scans"
"68bd98c8-f2aa-4bc6-9ee4-a80d7a1410f9","en","Merkai Scans"
"68bd98c8-f2aa-4bc6-9ee4-a80d7a1410f9","en","Miraki Scans"
"68bd98c8-f2aa-4bc6-9ee4-a80d7a1410f9","en","Merika Scans"
"15492cd4-70a2-4462-92d1-c011caa667a3","en","Solaris-SVU"
"e1c23f4c-593d-49c7-abd2-3c5efb23b3ff","en","Dreaming Scanlations"
"6ba68502-5f06-4115-9006-753109be1a9c","en","Disappointing Scanlations"
"e9f88de1-bdf0-4033-9f8f-6ce10fb4c9d0","en","Bushido Angel Adventures"
"fba00384-219a-4a4a-a720-0e0dea8df0c8","en","Kumoribi Scanlations"
"25131f77-7e19-46ef-bee5-2eb24444d432","en","S-ScanLation"
"640114af-8b0b-4862-9aa7-581cdd13a661","en","mojibake scans"
"0bb0c4ee-ab77-4350-a988-0664285a5e87","en","Phantom Team"
"e8038188-d79b-41f8-9a7d-717a73c014c9","en","Multiscans"
"ea7ccccd-a017-4869-a1d0-1214da609ce0","en","Magnificent Aurora Scans"
"dd155a93-c19d-4d52-a2f5-629fcecd569b","en","Yuusei"
"ca84d695-4e0e-48ba-8627-3cbb4f44f95b","en","R/Beastars Discord"
"79f230f4-8596-4f12-acdf-13cb2a24d6f3","en","Xiao's Yaoi Playground"
"d9e578a6-ba09-4cd3-ae5f-4350d154a182","en","Uns Negocios que Quero Postar Elevado ao Cubo Scan"
"8ecc2fce-9329-4205-94a3-796679b6e95b","en","School gaming"
"f6d5c912-0f5b-487c-a21b-fd37a052e3a8","en","Nanami Scanlator"
"4faa0899-4017-4c9f-bfa3-191aa4d375a1","en","Thanos"
"ef66b68b-fd69-490f-880e-b6d1627d75a1","en","KnS"
"921096d6-8040-455c-a903-0a5368fdfb39","en","Agent of Change Translations"
"c07ea5b3-539d-4961-a901-75224b7c2ecc","en","NasaScan"
"c07ea5b3-539d-4961-a901-75224b7c2ecc","en","KingNova"
"0fbb0d73-d21b-42ff-a5cb-c2bb79907d7a","en","Emotaku96"
"04eb0f73-6b96-466b-8625-d481dd83b961","en","Con D. Oriano Scanlation"
"e29326c7-506d-4d67-865f-6f3945ad2e69","en","solelo"
"4b188e99-333c-4265-ade6-20420274c494","en","Project NOIR"
"f62c0c65-d7bb-42ee-8d44-f14d9ae974af","en","Boredom Society Scanlations"
"4d41149e-0ec8-4846-82a2-88d112b9dffa","en","Tsundere Service Providers"
"cd2b6a0e-bd86-4a48-b9d0-904d6335fc8d","en","AsuraScans"
"bb382961-1b28-4105-9649-7dddbd064490","en",""
"d521f0a8-096c-41c0-911f-39a35b79f57b","en","A Bit Closer To VF"
"444b7276-d3d2-4328-862a-149e22c280a1","en","Spinyback Manga"
"44547df5-0d21-486c-931d-022a6b84d8bc","en",""
"e5c33178-854f-4992-8500-92adcb7944e0","en","Halcyonvalor"
"3f56c052-8c85-4d44-9bdf-1aa48d00d32f","en","ATF"
"067f0ea6-7af0-4d2b-8598-c6237ea94827","en","Flame Scans"
"a55a2651-b040-45fd-9f00-4494d6e0ebc6","en","Animation Arts"
"a55a2651-b040-45fd-9f00-4494d6e0ebc6","en","animation arts27"
"be4ca0a4-10e2-41c6-bc1d-c0f2ef399012","en","Twisted Curiosity"
"be4ca0a4-10e2-41c6-bc1d-c0f2ef399012","en","The Black Abyss"
"7297a7c3-afd1-4643-b683-1f3c1e95c822","en","SecretScans"
"c2a44267-dbd3-4a9a-842d-1ba0db80b116","en",""
"1596ab3b-42b4-4427-bd95-5bff73544959","en","DreamVictims"
"af4a9f66-8543-4111-85c8-a34d59e173c7","en","Halisen Team"
"5481db91-8c1a-4606-a3b4-44fb078818c4","en",""
"5481db91-8c1a-4606-a3b4-44fb078818c4","en",""
"4245f34c-c06d-4e19-b4ef-e568f8c0a7e6","en","CCS"
"ea1459cf-278e-4b43-8322-09a82ab9f358","en","MANGADODS"
"ea1459cf-278e-4b43-8322-09a82ab9f358","en","DEVMAX"
"91df2cf3-9697-460b-a100-ecfde62efdf2","en","Potatoloverscans"
"91df2cf3-9697-460b-a100-ecfde62efdf2","en","Acme scans"
"d968376b-1063-4d8b-aead-e2ceecf1dff8","en","Star Team"
"43bbbe6d-1f0d-471c-8554-a6067ac8c984","en","JazScans"
"334d86d7-9a40-430e-9fd2-3cf3e16d5e68","en","Hajiki Scans"
"d1dd364f-0ac1-42a3-95ee-3ab40d86ee1a","en","Version"
"1595f3c6-5cfd-4954-bfb5-316a174a05bf","en","ToshiroSub"
"2dcdd21c-e2e4-48af-af92-3545d8e3316f","en","EGS"
"a2bbffed-9bf8-4ce1-bcd3-d1c3d1d986ca","en","Ciaran Hillock"
"4f7413ba-667d-4ae6-bef2-a756ac03cbc0","en","Anime Empire Nisei"
"8372a5fa-7a43-4fe1-aff5-c69c01e762bd","en","Anybody Can Color (ABC^2)"
"92ec4824-670e-4533-a4f8-c016a5cb92f1","en","Manga Downloads Scanlation"
"ed0ce73e-3c14-4b63-8807-e360633cccf6","en","Shinon Productions"
"973d3d11-31ad-455a-bee5-394987eabb71","en","TLL"
"7e62aeec-8955-4519-a3f0-9a896a70d3af","en","Miku's Project Online Indonesia"
"78c00e40-eff8-49d0-a0eb-d666ec6900fc","en","IsItScan"
"fa46dc05-bcbf-4ce9-bd35-38a17b5a65b4","en","Phoenix-Scans"
"e898f2d7-8dbb-43c7-b823-6852919cbe3d","en","Yanime"
"b0e39448-17b3-483a-b5b3-642813cefd86","en","Translation from Smithy"
"75694f32-898e-4e40-a839-d0905f82f51e","en","It wasn't much"
"7f82434e-3a0b-41a6-b4a8-b9e9cea9cf6d","en","M7"
"0ac51747-b41f-48ea-b77d-69bffc64b5e3","en","Passion Fruit e"
"0ac51747-b41f-48ea-b77d-69bffc64b5e3","en","Tenshi no Yume"
"4913fdad-c184-4445-8c00-2b002523c217","en","Raven no Fansub"
"4913fdad-c184-4445-8c00-2b002523c217","en","Raven Scans"
"e46db444-bd1f-4818-8d9a-12abdcd8b299","en","N m sis Scans"
"e46db444-bd1f-4818-8d9a-12abdcd8b299","en","N m siX"
"effc74f9-0e54-4887-93e1-a4f89cc70f75","en","Dandelion in Wonderland"
"eeba8035-3131-4c7d-809e-3281034d4916","en","Sushi-Bar"
"eeba8035-3131-4c7d-809e-3281034d4916","en","SushiBar"
"55729ebf-1974-4a31-a8c4-62ec1b6f18d9","en","Shoujo Magic"
"0d269604-acc9-4063-ae8a-888bb8eaaec4","en","Lupin's Translations"
"a7cea84f-07e7-4273-8e6b-8a93254264d2","en","For The Halibut"
"f58e2246-3339-4daa-a56e-e50af5096009","en","yuutsukimori"
"ca04c7d9-d3bc-4368-959d-a7164f9689db","en","Translation Treasure Box"
"74de71f2-b854-4cc1-b2f8-1f99509de797","en","SAT"
"74de71f2-b854-4cc1-b2f8-1f99509de797","en","SAT'ORI"
"abc3228a-2de7-4883-85de-f4d70bfbe2d6","en","#mangascans"
"d2c21151-1907-4134-8910-1df2208009fd","en","Isekai Demonic World"
"72332974-7eba-4c51-aeb7-eaf30adee0b4","en","Wandering Willows"
"4c808ba4-2c04-4106-9e2b-602f7063597d","en",""
"3ab9b215-4b05-4f10-bd1d-56bcf3b4f182","en","afkeroge"
"063cf1b0-9e25-495b-b234-296579a34496","en","tnk"
"ca282b9a-3841-4ee3-9c95-a090fde8aecc","en","Kusanyagi"
"9268338e-3557-49e8-9a77-c576f35631db","en","SDTLs"
"ef7120b6-b56d-4837-b154-7d18298d92c1","en","MangaChannel"
"b2a1bc0a-c152-43d5-a2ff-198ce97eae5b","en","Noah_Studio"
"5851ba0d-179a-439f-a9a5-7fbf6552c1a5","en","Madman Scans"
"c70f2b63-fc49-419a-80fa-d4261eb77604","en","seby64"
"56ddcbfa-ac51-43ee-8055-5f93d3757386","en","Manga-TR"
"56ddcbfa-ac51-43ee-8055-5f93d3757386","en","MTR"
"0d40d5bf-a339-426a-b702-83dd51933011","en","Chaotic Heavens Scans"
"f7dad91c-8034-40ce-860f-f955b791e7cc","en","Kofitaye Scans"
"f7dad91c-8034-40ce-860f-f955b791e7cc","en","Celeste Scans"
"eff30d47-cf38-443a-9056-24f2a5f8ba30","en","Majide Scans"
"adc34bbc-a415-4d4d-bc6c-bf8aabe30b61","en","Rising Gods of the East Scanlations"
"4333559f-4785-47e3-9ef4-4058bf33c67e","en","Cosmic Team"
"bb0a0794-6f50-4bd1-a2ce-b1a64c8998ab","en","Kibitou4Life"
"bb0a0794-6f50-4bd1-a2ce-b1a64c8998ab","en","kibitou4life"
"bb0a0794-6f50-4bd1-a2ce-b1a64c8998ab","en","life4Kaoru"
"1ac69700-3b56-411f-b93d-da8262a10328","en","CutiePie"
"aaa43e46-9058-4011-a80f-177810c4dd6a","en","HOMU Comics"
"1d2e4c14-db23-4649-a1d9-2b05137be8d6","en","Lumiose Scanlation"
"425ae07c-791b-4994-b0e7-d9d605686c1d","en","Mooncake Scans"
"ead42b1e-7420-42fa-86b8-072065c965cd","en","TanzaniteXD"
"6f507e74-c4b8-4725-9106-0b20f3e2169c","en","Korean Manga Translations"
"0c399294-424b-4526-94ef-02423e1f4462","en","Valhalla Scans"
"5191209e-810d-4570-9989-2c0d3f34fac3","en","VS scans"
"4aaf2761-b705-47cf-aee1-127437d921cc","en","Yorozuya Scanlation Group"
"4aaf2761-b705-47cf-aee1-127437d921cc","en","Yorozuya Scanlation Project"
"2287ca87-f36c-4b1a-8254-92d873616195","en","CMS"
"16e44b65-cc97-4b61-952f-8758e643578d","en","Soul Translations"
"21e4f575-778a-41c0-839c-9ba5de1a74ba","en","Scanhaya"
"a5956ccc-642d-4dd0-985a-fe7990cfbc86","en","Shoko's manga"
"839d7981-76d6-42ad-b7ea-2abb4e81a6f2","en","Spicy Sugars Scans"
"3206153a-7372-474a-9200-67277bb739f4","en","Lovesick Alley Scans"
"ba56715b-aafc-462b-a355-a0ee0d0c4d41","en","HUST Phoenix Team"
"4197198b-c99b-41ae-ad21-8e6ecc10aa49","en","No Group Name"
"9dcda8d1-88ee-4338-8a80-5bd4a9b880d1","en","Just Like That"
"ea2c582b-9bc9-4ec5-8d1f-0623837ea63b","en","SwordDemon Scans"
"cac721a6-7af3-481c-8b63-e5825854b25c","en","Phoebe Scanlations"
"ab1e9742-5432-4a0d-9fae-cbf84afb442a","en","Rising Sun Scan"
"dac34699-d49a-44c8-b35e-4fbf39837fa5","en","Tsubaki J Scanlations"
"e5024d51-2d85-4853-9f78-6894b5bc7e63","en","A6M Zero"
"a196853b-ab6a-4ba2-b2df-7b2db4003884","en","kiryome"
"8f1e35c4-bd1e-4cb9-bb15-5ecb45a74d7c","en","turn a roundabout"
"2a48c307-f6b6-4202-8446-e1250f7a111a","en","BC Scans"
"0b80a355-396a-4cf6-9c1c-1ceeaad39964","en","Syndicate Manga Team"
"e6c2b335-ce52-421a-b876-b44e2ba83fcd","en","KojoUn-Scans"
"69cd8a3b-ab55-4780-ae27-d098f9b998de","en","Rangers"
"a4653168-f3c0-45e8-8be2-4f7d6c0e447f","en","Grand Line Pirates"
"a4653168-f3c0-45e8-8be2-4f7d6c0e447f","en","bakumanga"
"512c4dff-f31c-4d9c-9072-03fcdcb4561d","en","Di Kala Kita Membaca Doujin Translations"
"8d54f9a2-5b93-4284-9ad6-1973a6c4c9d5","en","/r/FairyTail"
"e1d7ebeb-8cc5-4997-a97a-bf9df0d2f01d","en","Yorozuya Fansub"
"04f94a7a-3721-4f5d-8bab-fde5bb93a118","en","DarkLight Scans"
"7bba5091-d2a7-4eaf-85e2-c3ebfc1c7e42","en","NTS Scans"
"62c5e717-5450-4019-b97a-8d7163603ff0","en","DJ Scan"
"894db59b-ccd8-4112-8121-dd34866b166a","en","The Zartlichkeit du Yuri"
"894db59b-ccd8-4112-8121-dd34866b166a","en","TZdY"
"b93dcabe-53a0-4fe4-a652-6304074fd40b","en","Tiantianplanet Scanlations"
"41d3fb2c-fea6-419e-8263-57ceebc102cd","en",""
"121682fe-c72b-4db5-983b-65967c9f4f85","en","Kizuna Scanlation"
"aa2ccfd3-34bb-402a-a945-33697cd54f41","en","Silver Leaf Scans"
"c8b7e3e8-1672-4194-9c2a-a4dc7e2df82e","en","Manga Kita"
"457da3dc-2a3e-4d4e-a286-4e1070d41ef9","en","FAMES (Ex-Licenses)"
"3711abd3-c1dd-4731-bf3a-540f3ddce3a5","en","Multi Energy"
"a9eadb40-5080-4de3-a64b-62331fd06a53","en","GWR"
"054769f2-f692-48ba-862f-70db7266deb8","en","Stan Miller"
"8ca19ad0-f0ce-46bd-a3a9-46932cfa3d83","en","Naabii"
"d9f6e119-564a-4cd5-91e3-03abb42443e9","en","Chinkoku Revelation"
"26b10169-c7ba-4502-b587-c8f48197b842","en","OV Scans"
"411d6394-a30d-43ea-9148-2ef29f0a7e04","en","ikemen4life"
"4898d5a7-7a81-454f-b255-adaa5302ff08","en","Otaku Baka Fest Scan"
"005e5a0b-2ebe-4d23-8f67-7efe7a5534d6","en","Yorokobe"
"85dc77ba-4179-4a4c-aff3-6e690f54e7fb","en","Itadakimasu Scans"
"59e93063-d973-492f-8db6-81e7a155a401","en","LlPnF"
"e7edbda3-62bb-490a-8c82-7cc904108186","en","peachysugary"
"8984fe7b-ba9d-4184-8b5b-ade29a8438af","en","Kiku Fansub"
"27e6817d-9613-4475-a995-203c217c8fdf","en","Einherjar Scans"
"a53d4f37-6927-4ec6-a47e-dd4882a59174","en","Project Dynamic Hylian Scans"
"d06928bc-07c1-41c0-8457-aad859b3bae1","en","Oceans Translation"
"047cf1a0-1844-4895-93ce-d03e270feefb","en","Azon Powers Translation Scans"
"08bc7704-4ab8-4313-9d01-e6f7a225c56e","en","Abandoned Heroes"
"76e9c63e-b6f6-4ece-83f8-0ba898ccbfe1","en","Shinzoo Scan"
"8719940c-04d5-42b2-a8bc-2f018d725bf5","en","Knife  to my Throat"
"b613b43a-83e9-4cf8-b893-ef4ea5e64c79","en","Synthesiss"
"b57f9a4f-9463-4803-ab9a-f57eacadcc42","en","hdx514"
"b57f9a4f-9463-4803-ab9a-f57eacadcc42","en","vibhavm"
"74bbfa6b-2ca8-455f-9783-c31a65d0b06d","en","Komikotaku"
"9b5e35c3-f6ac-440c-8652-803bcb84dc4b","en","Utopia Scanlations"
"124de0d4-3f80-454f-89b3-e7534b81e3a9","en","Manga Earth"
"342e82b6-adb1-41dd-8edd-6d2e635a6002","en","TFT"
"20166ca5-efa0-4210-a18f-6043bd6f6991","en","Legacy Network"
"9f03478e-311a-4386-8c8c-206398ff6c98","en","StupidGroupName"
"89936522-72d4-48a4-be0e-954e5a7bd995","en","Manga Land Scans"
"21c17c8d-c376-4474-861e-3fe10a9de70c","en","BreakerRvP"
"75b1c135-ee47-4bd7-b45f-d18e0aeff025","en","Strohhut Scans"
"7115a268-5877-44c7-b5b9-99ecfe7751a7","en","DiMuRie and Co"
"8eb09c84-f056-45f2-9a3b-c42f864dda5e","en","Patience & Pride"
"e1fbe569-d9c5-4a34-a6ef-f470e1c48996","en","Kimichi Salad"
"b6d57ade-cab7-4be7-b2b8-be68484b3ad3","en","XuN Scans"
"b6d57ade-cab7-4be7-b2b8-be68484b3ad3","en","XuN Edits"
"680e9399-f517-4e39-9c2f-2d912a5da0d0","en","Quat Nerb"
"5bf7aa92-b303-47ab-bbe8-a78bdd35a106","en","Sunadokei Scans"
"86037181-4c39-4a61-bfb6-59f6799ed9eb","en","Otakudesho Scanlation"
"77c89fa6-f66b-401b-af3c-bd08952c1679","en","Berry Scans"
"6566112c-4605-471b-a2d6-3f2fd846b1fa","en","Xamayon"
"595bd65a-275f-49ad-8a62-074003982749","en","oppsd"
"58aceabc-8832-4659-8bc2-83ff689374f4","en","Ishigan"
"e76ecc3b-4c22-4566-b21a-8e46ab566214","en","VariaScans"
"36cf6b8d-13c5-4273-a031-854bda8e3126","en","Yukimitsu"
"c0ce390f-760f-43f9-ba41-d85a40d1dcd6","en","digest's Party"
"dcb8f56b-3e78-4b5b-98e5-c075b291bdc3","en","Adante-Peach"
"fa7f01a1-eb35-4734-8f0e-b025ad656599","en","rspreet"
"021677e3-e0b4-43c4-a396-4fcfd503b8b3","en","Pinoymanga Scans"
"29d194b3-7636-465e-88dd-902189512ac1","en","Kscanlations ESP"
"7107ddba-0086-4616-9ba4-eb61200d2abc","en","Hisaku Scans"
"4fab3c4f-45ac-45e2-885a-12e71ca519a9","en","onecute"
"4fab3c4f-45ac-45e2-885a-12e71ca519a9","en","one_cute"
"77721aac-2653-4c9a-b495-6aecbc82a4b1","en","Harukaze No Etranger"
"a4c6ed6c-700c-4f5b-9502-9f41a97b45f3","en","MaJo (Dark)"
"8ab9137b-81c7-4ef8-9d58-79d6185d9ada","en",""
"4c4b6b04-3a9e-45bb-8e00-0720e983a6f5","en","GOOSE FAM"
"01398dd4-4550-4325-ab71-b844c7176529","en","Manga Hunters"
"c8ea6f7a-adb2-464f-afdd-0f1feb92d8dd","en","Rawr"
"96279799-f924-4e23-9a20-bd22e6806dd8","en","Sugar Sweet Scans"
"65e4a598-a5c0-4ff3-a71a-e30d95b5b58c","en","Jelly & Tapioca scans"
"65e4a598-a5c0-4ff3-a71a-e30d95b5b58c","en","Milk Mocha Scans"
"42e992de-8c8e-474f-a38a-ef9b99bae6bd","en","LAB"
"aabeaad8-fbc8-4b91-84e0-5dc7bb687764","en","Shota's Sanctuary"
"452dc395-3e98-44c5-a27c-878f99a01e8f","en","Algum nome ultra hiper mega foda"
"6176fbdf-9a04-4e86-b372-6f6055f6ccad","en","Nakama Manga Scanlations"
"824b7e1b-1915-4784-aec3-62af709fbd3e","en","Kisu KissManga Scans"
"824b7e1b-1915-4784-aec3-62af709fbd3e","en","Nekyou Memoir Scanlation"
"b88d2bbd-f6f6-4d1c-bece-96cbe244dad9","en","junktheeater"
"82dfed4a-f5b0-4ffb-9693-76b9b82d0601","en","FBS"
"82dfed4a-f5b0-4ffb-9693-76b9b82d0601","en","Saku's Subpar Scans"
"f5c272af-c3bd-4d1c-af14-fddef2320968","en","</Shadow_Lighteen89/>"
"f5c272af-c3bd-4d1c-af14-fddef2320968","en","Virtual Shelter"
"253efba0-5020-4eba-9074-edcaae6db55b","en","QuickMachineScans"
"134873ad-5513-4fbe-83bb-402a1d18ed7e","en","MissMystery94"
"134873ad-5513-4fbe-83bb-402a1d18ed7e","en","Miss Mystery"
"5af4eef5-aa5f-4d7a-8fa1-99b6d73d39f9","en","Lovers Dream"
"c6a4c9cf-795a-4a4d-9a9f-af49e41a970a","en","TJO"
"6ea80d25-9ce2-4a72-8c2d-5cbd13e0ac59","en","Eden404"
"fdd40b8d-6fea-49a6-830d-849dcb5dd96a","en","Take It Easy"
"cd2dec68-2dee-4b2f-aa6f-234f51f8e9e4","en","ElPsyCongroo"
"a497a50f-88dd-4b92-ab7c-8a42954f1efe","en","Assault Team"
"312f0d56-3866-4b48-83e1-ebea576c4dc0","en","Sunset Lullaby Kingdom"
"7e1e53a9-9d96-45b7-a339-4737a0423060","en","Martwa Grupa"
"2da0a741-1d96-423a-bf89-05cd77afed4c","en","AS"
"861f7c80-e67a-4b18-829b-78415c5d0bf6","en","Mumei Translations"
"7a8bed03-78a1-46e2-b105-bfa4b2b9ff5b","en","Leontrans6 Scanlations"
"7a8bed03-78a1-46e2-b105-bfa4b2b9ff5b","en","Leon990 Scanlations"
"685e33af-f8d5-4405-b117-76a804f69422","en",""
"66225e03-45cc-48db-ad6f-f03df8d79935","en","Dragon Voice Project"
"f7ffff55-44f9-409d-982c-c3c894e6c737","en","Manhwa.co"
"d4f8a3c1-e8c4-4afb-aad9-b373be5ecc75","en","0tt3r"
"3e677c5f-e5ac-4be7-847b-4367f9696c45","en","MrOGZ Translations"
"0c0b0f4c-5d3e-4abe-9d59-de9ac562848a","en","Hitsugaara"
"5a03822b-a197-4693-be61-874a675834f5","en","Kyodai Mang s"
"d9e87d1e-6cbc-4534-af16-aabf609247bb","en","SaltyPotatoesTrans"
"3cd3765a-c41f-4d18-8a47-9e59cc069287","en","Hanami"
"9d5bbdf2-5ac5-41db-86a2-1c3dcfe9be6b","en","Souten Scans"
"4a9abdbb-5bda-4da1-87e5-ac71a6490f3b","en","Kaidan no Chainsaw Man"
"fdad9851-164f-43fc-9ab0-25b8054c99ed","en","FLAME-SCANS"
"9e1917be-0bb6-4d5e-bdf3-23a437b000cc","en","cudbbetter"
"89fc00fa-4501-47a0-ac63-231ff739b65c","en","Just for Fun"
"104450c8-c694-4195-94e2-7ee8986709ec","en","Lilium Dragomir"
"01be4610-0060-409a-9156-edf37156cab9","en","G2Scans"
"396c08d3-ea0f-4c4f-9752-78a51ea5d080","en","Manga Romance Indonesia"
"dec9af12-9180-4410-9c0c-6a12cc02c6f8","en","Etshy Solo Scan"
"dec9af12-9180-4410-9c0c-6a12cc02c6f8","en","ESS"
"dec9af12-9180-4410-9c0c-6a12cc02c6f8","en","TLS"
"45c144f6-d5b2-49da-a422-534329f824b5","en","JDI"
"1da5ccc1-dad4-4252-807a-469411455aeb","en","Sinnamon Translator"
"7e2d54b9-23e2-44ff-8e0e-4d63a09f5f20","en","Suno Scans"
